{"cameraMode":{"drawMode":0,"name":"Shaded","section":"Shading Mode"},"sceneLighting":false,"audioPlay":false,"sceneViewState":{"showFog":false,"showMaterialUpdate":false,"showSkybox":false,"showFlares":false,"showImageEffects":false,"showParticleSystems":false},"in2DMode":false,"pivot":{"x":486.3722229003906,"y":59.13090515136719,"z":523.7266845703125},"rotation":{"x":-0.15916664898395539,"y":-0.41458848118782046,"z":0.0739019587635994,"w":-0.8929283022880554},"size":55.32413864135742,"orthographic":false}