{"cameraMode":{"drawMode":0,"name":"Shaded","section":"Shading Mode"},"sceneLighting":true,"audioPlay":false,"sceneViewState":{"showFog":false,"showMaterialUpdate":false,"showSkybox":false,"showFlares":false,"showImageEffects":false,"showParticleSystems":false},"in2DMode":false,"pivot":{"x":-54.13517761230469,"y":16.812448501586915,"z":30.8356876373291},"rotation":{"x":-0.10390950739383698,"y":-0.8804684281349182,"z":0.22698800265789033,"w":-0.40305668115615847},"size":17.26944923400879,"orthographic":false}