{"cameraMode":{"drawMode":0,"name":"Shaded","section":"Shading Mode"},"sceneLighting":false,"audioPlay":false,"sceneViewState":{"showFog":false,"showMaterialUpdate":false,"showSkybox":false,"showFlares":false,"showImageEffects":false,"showParticleSystems":false},"in2DMode":false,"pivot":{"x":11.883711814880371,"y":3.8814713954925539,"z":-1.480536699295044},"rotation":{"x":-0.1503961831331253,"y":-0.5592462420463562,"z":0.10401947796344757,"w":-0.8085818290710449},"size":7.095982551574707,"orthographic":false}