{"cameraMode":{"drawMode":0,"name":"Shaded","section":"Shading Mode"},"sceneLighting":false,"audioPlay":false,"sceneViewState":{"showFog":false,"showMaterialUpdate":false,"showSkybox":false,"showFlares":false,"showImageEffects":false,"showParticleSystems":false},"in2DMode":false,"pivot":{"x":0.1944706290960312,"y":-0.2437230348587036,"z":0.4048672616481781},"rotation":{"x":-0.4587401747703552,"y":0.2697639465332031,"z":-0.14847035706043244,"w":-0.8335115313529968},"size":1.2738037109375,"orthographic":false}